{
    "InFile": "/workspace/fetal-brain-measurement/Inputs/Fixed/Pat3759_Se10_Res0.7813_0.7813_Spac5.0.nii.gz",
    "OutDir": "/workspace/fetal-brain-measurement/output/Pat3759_Se10_Res0.7813_0.7813_Spac5.0",
    "Resolution": [
        0.7813,
        0.7813,
        5.0
    ],
    "SubjectID": 3759.0,
    "Series": 10.0,
    "TCD_selection": 8,
    "TCD_selectionValid": true,
    "TCD_result": [
        [
            [
                3.7683825492858887,
                -3.951326370239258
            ],
            [
                3.5330469608306885,
                -3.442837953567505
            ],
            [
                5.067883014678955,
                -4.662693023681641
            ],
            [
                3.2576282024383545,
                -2.9850406646728516
            ],
            [
                2.731788396835327,
                -2.5000102519989014
            ],
            [
                3.4474005699157715,
                -3.2350878715515137
            ],
            [
                2.316713571548462,
                -2.159966230392456
            ],
            [
                -0.19927948713302612,
                0.8149019479751587
            ],
            [
                -1.1988505125045776,
                1.8456387519836426
            ],
            [
                3.006328821182251,
                -2.8342039585113525
            ],
            [
                3.2762820720672607,
                -3.216282606124878
            ],
            [
                3.8418972492218018,
                -3.7550342082977295
            ],
            [
                2.9747562408447266,
                -2.8926687240600586
            ],
            [
                3.7198116779327393,
                -4.071784973144531
            ],
            [
                3.9114017486572266,
                -3.8950037956237793
            ],
            [
                4.07820987701416,
                -4.117025375366211
            ],
            [
                4.63062047958374,
                -4.665243148803711
            ],
            [
                5.019240379333496,
                -4.808352470397949
            ],
            [
                4.281831741333008,
                -3.8176891803741455
            ],
            [
                5.803143501281738,
                -5.749400615692139
            ]
        ]
    ],
    "BBD_selection": 11,
    "BBD_result": [
        [
            [
                1.5658787488937378,
                -0.9184223413467407
            ],
            [
                0.9465081691741943,
                -0.4949501156806946
            ],
            [
                4.425413131713867,
                -3.919649600982666
            ],
            [
                4.248993873596191,
                -3.81833815574646
            ],
            [
                3.1004316806793213,
                -2.600986957550049
            ],
            [
                3.8915395736694336,
                -3.2863175868988037
            ],
            [
                3.3314480781555176,
                -2.8536415100097656
            ],
            [
                2.451239585876465,
                -2.1027352809906006
            ],
            [
                2.2053847312927246,
                -1.6845861673355103
            ],
            [
                1.8274626731872559,
                -1.50322687625885
            ],
            [
                0.14512775838375092,
                0.4596751630306244
            ],
            [
                -0.13742658495903015,
                0.2737460732460022
            ],
            [
                0.2394421398639679,
                -0.15490707755088806
            ],
            [
                0.9054747819900513,
                -0.26544198393821716
            ],
            [
                3.6930992603302,
                -3.140195369720459
            ],
            [
                1.5149084329605103,
                -0.9435120820999146
            ],
            [
                2.529961109161377,
                -2.079826831817627
            ],
            [
                3.6813771724700928,
                -2.9941186904907227
            ],
            [
                3.2606875896453857,
                -2.8985304832458496
            ],
            [
                4.250425815582275,
                -3.928117513656616
            ]
        ]
    ],
    "BBD_selectionValid": true,
    "msl_planes": {
        "2": [
            -15.747747747747812,
            1221.0450450450494,
            [
                -0.10456421606747641,
                -0.006639947358975878
            ],
            [
                8.107674822037458
            ]
        ],
        "3": [
            -12.062196307093863,
            913.989310009689,
            [
                -0.27279120879121005,
                -0.022615384615385474
            ],
            [
                20.670219780219906
            ]
        ],
        "4": [
            -42.34027777773124,
            3018.399305552316,
            [
                -0.661459180905938,
                -0.015622457282361779
            ],
            [
                47.15481421210151
            ]
        ],
        "5": [
            9.000000000001386,
            -538.0799514691669,
            [
                -0.8007221156014812,
                0.08896912395570644
            ],
            [
                47.872501900340815
            ]
        ],
        "6": [
            151.34391534497237,
            -10470.002116475567,
            [
                -0.6637428936071353,
                0.004385659589248791
            ],
            [
                45.91786518157621
            ]
        ],
        "7": [
            14.123930362550949,
            -887.2413691096376,
            [
                -1.00440658047971,
                0.07111381568000752
            ],
            [
                63.09511918654029
            ]
        ],
        "8": [
            -3803715901492.6924,
            260554539252304.5,
            [
                -1.999999999998602,
                -5.258016244624741e-13
            ],
            [
                136.99999999993318
            ]
        ],
        "9": [
            24.10842524961547,
            -1525.750449641549,
            [
                -2.678713916625516,
                0.11111111111117644
            ],
            [
                169.52782773804958
            ]
        ],
        "10": [
            -20.500000000016918,
            1433.6138408790412,
            [
                -2.9964090010190603,
                -0.14616629273251647
            ],
            [
                209.5460203313132
            ]
        ],
        "11": [
            10.305833039023234,
            -618.5567803288709,
            [
                -4.406591098312674,
                0.4275822324723322
            ],
            [
                264.4838890439166
            ]
        ],
        "12": [
            23.341660470121354,
            -1526.5051383214977,
            [
                -3.4116952415373634,
                0.14616334797194597
            ],
            [
                223.11910171344857
            ]
        ],
        "13": [
            18.353608336311513,
            -1135.9154696360547,
            [
                -2.8236320517393096,
                0.15384615384610356
            ],
            [
                174.75622609779745
            ]
        ],
        "14": [
            33.103205820858065,
            -2175.6158586043116,
            [
                -3.6781339800926522,
                0.11111111111102989
            ],
            [
                241.73509540030236
            ]
        ],