{"mean": 48.627551631506925, "std": 55.325272859590115}