{
    "InFile": "/workspace/fetal-brain-measurement/Inputs/Fixed/Pat13364_Se7_Res0.46875_0.46875_Spac3.0.nii.gz",
    "OutDir": "/workspace/fetal-brain-measurement/output/Pat13364_Se7_Res0.46875_0.46875_Spac3.0",
    "Resolution": [
        0.46875,
        0.46875,
        3.0
    ],
    "SubjectID": 13364.0,
    "Series": 7.0,
    "TCD_selection": 15,
    "TCD_selectionValid": true,
    "TCD_result": [
        [
            [
                4.650128364562988,
                -4.194602966308594
            ],
            [
                3.761138677597046,
                -3.16788387298584
            ],
            [
                3.770184278488159,
                -3.565506935119629
            ],
            [
                4.082154750823975,
                -3.7860312461853027
            ],
            [
                4.087350368499756,
                -3.9139411449432373
            ],
            [
                3.4265668392181396,
                -2.935307741165161
            ],
            [
                3.8117856979370117,
                -3.043299436569214
            ],
            [
                1.8031749725341797,
                -1.18715500831604
            ],
            [
                3.080008029937744,
                -2.3504769802093506
            ],
            [
                2.0978047847747803,
                -1.9154998064041138
            ],
            [
                1.8585517406463623,
                -1.6306620836257935
            ],
            [
                1.374820351600647,
                -0.7758466601371765
            ],
            [
                1.4931033849716187,
                -1.1594429016113281
            ],
            [
                0.33656013011932373,
                0.40596073865890503
            ],
            [
                0.8175061941146851,
                -0.059789352118968964
            ],
            [
                -0.6574679613113403,
                1.4681098461151123
            ],
            [
                2.7476677894592285,
                -2.4993088245391846
            ],
            [
                2.5736632347106934,
                -2.19582200050354
            ],
            [
                4.455992221832275,
                -4.585770130157471
            ],
            [
                4.622437000274658,
                -4.7289204597473145
            ],
            [
                4.570945739746094,
                -4.5879011154174805
            ],
            [
                4.279041290283203,
                -4.234256744384766
            ],
            [
                5.14721155166626,
                -5.197299957275391
            ],
            [
                4.407225608825684,
                -3.9449048042297363
            ],
            [
                3.4932198524475098,
                -3.3156607151031494
            ],
            [
                2.2736923694610596,
                -1.9826310873031616
            ],
            [
                4.125733852386475,
                -3.688715934753418
            ],
            [
                3.0820724964141846,
                -2.7655444145202637
            ],
            [
                3.5042176246643066,
                -3.207277297973633
            ],
            [
                2.7509524822235107,
                -2.3293423652648926
            ],
            [
                3.9045116901397705,
                -4.126044750213623
            ],
            [
                3.813985586166382,
                -3.486238479614258
            ],
            [
                5.716275691986084,
                -5.2736945152282715
            ],
            [
                5.682290554046631,
                -5.072649955749512
            ],
            [
                4.907018184661865,
                -4.674328804016113
            ],
            [
                4.750762939453125,
                -4.876854419708252
            ],
            [
                4.024979114532471,
                -3.995610475540161
            ],
            [
                5.807092189788818,
                -6.081640720367432
            ]
        ]
    ],
    "BBD_selection": 19,