{"mean": 87.99794433160125, "std": 59.70397697484075}