{
    "InFile": "/workspace/fetal-brain-measurement/Inputs/Fixed/Pat1774_Se8_Res0.7422_0.7422_Spac4.0.nii.gz",
    "OutDir": "/workspace/fetal-brain-measurement/output/Pat1774_Se8_Res0.7422_0.7422_Spac4.0",
    "Resolution": [
        0.7422,
        0.7422,
        4.0
    ],
    "SubjectID": 1774.0,
    "Series": 8.0,
    "TCD_selection": 7,
    "TCD_selectionValid": true,
    "TCD_result": [
        [
            [
                4.344499588012695,
                -4.388216018676758
            ],
            [
                3.8315188884735107,
                -3.733363628387451
            ],
            [
                2.926255702972412,
                -2.989689826965332
            ],
            [
                2.511465072631836,
                -2.3533124923706055
            ],
            [
                2.430391311645508,
                -2.2721238136291504
            ],
            [
                2.2534165382385254,
                -1.9133503437042236
            ],
            [
                2.8298234939575195,
                -2.613584518432617
            ],
            [
                0.3836767375469208,
                0.45253247022628784
            ],
            [
                1.1695932149887085,
                -0.4546903669834137
            ],
            [
                2.4391579627990723,
                -1.7949105501174927
            ],
            [
                3.648669958114624,
                -3.365035057067871
            ],
            [
                3.660457134246826,
                -3.445927381515503
            ],
            [
                4.223043918609619,
                -4.00728178024292
            ],
            [
                4.30905818939209,
                -4.005527496337891
            ],
            [
                3.5026614665985107,
                -3.000422954559326
            ],
            [
                4.356466770172119,
                -4.226244926452637
            ],
            [
                4.5845136642456055,
                -4.52925443649292
            ],
            [
                4.772678852081299,
                -4.68225622177124
            ],
            [
                4.956064701080322,
                -4.8295578956604
            ],
            [
                4.154282093048096,
                -3.548189163208008
            ]
        ]
    ],
    "BBD_selection": 12,
    "BBD_result": [
        [
            [
                3.3342068195343018,
                -2.340578079223633
            ],
            [
                3.9782965183258057,
                -3.162956714630127
            ],
            [
                3.341420888900757,
                -2.3230905532836914
            ],
            [
                3.127005100250244,
                -2.3915557861328125
            ],
            [
                2.595935821533203,
                -2.0562267303466797
            ],
            [
                3.0211658477783203,
                -2.6826858520507812
            ],
            [
                3.4825987815856934,
                -2.907945156097412
            ],
            [
                2.584104299545288,
                -2.283820390701294
            ],
            [
                2.7866761684417725,
                -2.5916943550109863
            ],
            [
                1.1898194551467896,
                -1.0896308422088623
            ],
            [
                -0.8470776081085205,
                1.1382685899734497
            ],
            [
                -1.4384841918945312,
                1.728133201599121
            ],
            [
                -1.7066131830215454,
                1.8674712181091309
            ],
            [
                -0.14587903022766113,
                0.5154821872711182
            ],
            [
                0.4202897250652313,
                -0.262981116771698
            ],
            [
                1.0982922315597534,
                -0.7594335675239563
            ],
            [
                2.006471872329712,
                -1.1985383033752441
            ],
            [
                1.4138704538345337,
                -0.9541320204734802
            ],
            [
                4.007592678070068,
                -3.673093795776367
            ],
            [
                5.140954494476318,
                -4.489933490753174
            ]
        ]
    ],
    "BBD_selectionValid": true,
    "msl_planes": {
        "1": [
            -0.500000000000003,
            99.73171411986831,
            [
                -0.17826216660661018,
                -0.3565243332132182
            ],
            [
                35.55678287679735
            ]
        ],
        "2": [
            -0.5000000000000192,
            102.98914906280915,
            [
                -0.32625303103645104,
                -0.652506062072877
            ],
            [
                67.20104409121012
            ]
        ],
        "3": [
            -0.3446040589818123,
            94.6537020876116,
            [
                -0.5257952291348476,
                -1.525795229134542
            ],
            [
                144.42216706520003
            ]
        ],
        "4": [
            -0.521755424078926,
            105.02418662617325,
            [
                -0.6820457954190338,
                -1.307213617612264
            ],
            [
                137.2890469363855
            ]
        ],
        "5": [
            -0.3684210526315776,
            94.06828572708251,
            [
                -0.37052158937241564,
                -1.005701456867989
            ],
            [
                94.60461200080113
            ]
        ],
        "6": [
            -0.3500000000000135,
            92.93750000000075,
            [
                -0.33037237741400816,
                -0.943921078325701
            ],
            [
                87.72566521689555
            ]
        ],
        "7": [
            -0.3612315340978107,
            94.31920752903292,
            [
                -0.42597808524753356,
                -1.1792383694060093
            ],
            [
                111.22482849020378
            ]
        ],
        "8": [
            -0.33505845824414676,
            91.98385048180276,
            [
                -0.6466889142230912,
                -1.9300778664476184
            ],
            [
                177.5359938855546
            ]
        ],
        "9": [
            -0.3570682584600235,
            93.85062790550833,
            [
                -0.45466634947229545,
                -1.273331747361685
            ],
            [
                119.50298402191224
            ]
        ],
        "10": [
            -0.3671681678390274,
            94.3914183875893,
            [
                -0.602876646054733,
                -1.6419632714975556
            ],
            [
                154.98724213698065
            ]
        ],
        "11": [
            -0.3749999999998188,
            95.62500140328481,
            [
                -0.999988773714449,
                -2.666636729906486
            ],
            [
                254.99714103935852
            ]
        ],
        "12": [
            -0.39999913022265476,
            98.29993810084325,
            [
                -0.800015656333926,
                -2.0000434898161075
            ],
            [
                196.60415124791788
            ]
        ],
        "13": [
            -0.37837837837852556,
            96.95977478242938,
            [
                -0.7581912074674619,
                -2.003791048306084
            ],
            [
                194.287128754806
            ]
        ],