{
    "InFile": "/workspace/fetal-brain-measurement/Inputs/Fixed/Pat3759_Se8_Res0.7813_0.7813_Spac4.0.nii.gz",
    "OutDir": "/workspace/fetal-brain-measurement/output/Pat3759_Se8_Res0.7813_0.7813_Spac4.0",
    "Resolution": [
        0.7813,
        0.7813,
        4.0
    ],
    "SubjectID": 3759.0,
    "Series": 8.0,
    "TCD_selection": 8,
    "TCD_selectionValid": true,
    "TCD_result": [
        [
            [
                4.141643524169922,
                -3.991905450820923
            ],
            [
                4.720736980438232,
                -4.239347457885742
            ],
            [
                3.9800868034362793,
                -3.865227222442627
            ],
            [
                3.3861606121063232,
                -3.1870718002319336
            ],
            [
                2.8743033409118652,
                -2.6616599559783936
            ],
            [
                4.133159637451172,
                -3.8084864616394043
            ],
            [
                2.793882369995117,
                -2.49831485748291
            ],
            [
                -0.9572368264198303,
                1.479102373123169
            ],
            [
                -1.618802547454834,
                2.141683340072632
            ],
            [
                1.3042304515838623,
                -0.8867843747138977
            ],
            [
                2.8694052696228027,
                -2.840940237045288
            ],
            [
                3.9209494590759277,
                -4.0825324058532715
            ],
            [
                4.234855651855469,
                -4.528491973876953
            ],
            [
                3.0678555965423584,
                -3.207322835922241
            ],
            [
                3.8952691555023193,
                -4.184994697570801
            ],
            [
                3.0807981491088867,
                -3.254932403564453
            ],
            [
                3.279810905456543,
                -3.400808334350586
            ],
            [
                3.9436135292053223,
                -3.9215035438537598
            ],
            [
                4.65040397644043,
                -4.811809062957764
            ],
            [
                4.637045383453369,
                -4.869106769561768
            ],
            [
                4.857769966125488,
                -4.794129371643066
            ],
            [
                5.219386100769043,
                -5.355403423309326
            ]
        ]
    ],
    "BBD_selection": 14,
    "BBD_result": [
        [
            [
                1.5819212198257446,
                -0.99491947889328
            ],
            [
                4.626023769378662,
                -4.419565677642822
            ],
            [
                4.427867889404297,
                -3.875243663787842
            ],
            [
                4.439419269561768,
                -3.9932284355163574
            ],
            [
                3.725003719329834,
                -3.435490608215332
            ],
            [
                4.043800354003906,
                -3.541393518447876
            ],
            [
                3.600867509841919,
                -3.069545030593872
            ],
            [
                3.4916107654571533,
                -2.9749503135681152
            ],
            [
                2.9019412994384766,
                -2.2501461505889893
            ],
            [
                3.950147867202759,
                -3.103224754333496
            ],
            [
                2.648141622543335,
                -1.7601290941238403
            ],
            [
                -0.034494511783123016,
                0.6029596328735352
            ],
            [
                0.26880913972854614,
                0.3491067588329315
            ],
            [
                0.08179779350757599,
                0.5040581226348877
            ],
            [
                -0.9115001559257507,
                1.513055682182312
            ],
            [
                2.4385485649108887,
                -2.0559563636779785
            ],
            [
                3.1458797454833984,
                -2.6395158767700195
            ],
            [
                0.6719589829444885,
                0.08754994720220566
            ],
            [
                2.2153408527374268,
                -1.793245553970337
            ],
            [
                2.734889507293701,
                -2.173469305038452
            ],
            [
                4.106250762939453,
                -3.4261019229888916
            ],
            [
                3.6447384357452393,
                -2.952371120452881
            ]
        ]
    ],
    "BBD_selectionValid": true,
    "msl_planes": {
        "2": [
            -3.9999999999999925,
            355.99999999999886,
            [
                -0.23529411764705926,
                -0.05882352941176493
            ],
            [
                20.941176470588246
            ]
        ],
        "3": [
            -2.999999999999987,
            291.99999999999926,
            [
                -0.6000000000000577,
                -0.2000000000000201
            ],
            [
                58.40000000000572
            ]
        ],
        "4": [
            -67.12308715881322,
            4737.804557537515,
            [
                -0.6699938569839219,
                -0.009981570951865137
            ],
            [
                47.29073234713073
            ]
        ],
        "5": [
            24.000000000002828,
            -1653.7949475292594,
            [
                -0.9096131584152125,
                0.03790054826729605
            ],
            [
                62.67973523304304
            ]
        ],
        "6": [
            74954339342724.67,
            -5284169364049129.0,
            [
                -0.664688066254208,
                8.867906409193438e-15
            ],
            [
                46.859519370714885
            ]
        ],
        "7": [
            -231.62626262594884,
            16616.277777755375,
            [
                -0.6647533736284513,
                -0.0028699395573374836
            ],
            [
                47.68771289008793
            ]
        ],
        "8": [
            -336.5906040246099,
            23446.046979710423,
            [
                -0.6627287743640632,
                -0.00196894615131802
            ],
            [
                46.16400396432232
            ]
        ],
        "9": [
            -11.62086611460167,
            875.8113497842893,
            [
                -4.779694020749275,
                -0.41130273540829876
            ],
            [
                360.2236038679125
            ]
        ],
        "10": [
            -8.333333333332465,
            618.9055555554802,
            [
                -4.731861198738329,
                -0.5678233438486586
            ],
            [
                351.4290220820245
            ]
        ],
        "11": [
            38473666825137.2,
            -2673918513083963.5,
            [
                -1.9990316151479406,
                5.1958437552457326e-14
            ],
            [
                138.93262808243267
            ]
        ],
        "12": [
            21.500000000397794,
            -1418.7226868631176,
            [
                -1.5730103025043718,
                0.0731632698825706
            ],
            [
                103.79839082749197
            ]
        ],